{
    "LoseScenePointLight": {
        "Decay": 1.1619999408721924,
        "Translate": [
            0.0,
            3.8959999084472656,
            0.0
        ]
    }
}
